sample_id,patient_id,timepoint,clinical_response
BIOML_SAMP_001,BIOML_PAT_001,t0,Responder
BIOML_SAMP_002,BIOML_PAT_001,t1,Responder
BIOML_SAMP_003,BIOML_PAT_002,t0,Responder
BIOML_SAMP_004,BIOML_PAT_002,t1,Responder
BIOML_SAMP_005,BIOML_PAT_003,t0,Responder
BIOML_SAMP_006,BIOML_PAT_003,t1,Responder
BIOML_SAMP_007,BIOML_PAT_004,t0,NonResponder
BIOML_SAMP_008,BIOML_PAT_004,t1,NonResponder
BIOML_SAMP_009,BIOML_PAT_005,t0,Responder
BIOML_SAMP_010,BIOML_PAT_005,t1,Responder
BIOML_SAMP_011,BIOML_PAT_006,t0,Responder
BIOML_SAMP_012,BIOML_PAT_006,t1,Responder
BIOML_SAMP_013,BIOML_PAT_007,t0,Responder
BIOML_SAMP_014,BIOML_PAT_007,t1,Responder
BIOML_SAMP_015,BIOML_PAT_008,t0,Responder
BIOML_SAMP_016,BIOML_PAT_008,t1,Responder
BIOML_SAMP_017,BIOML_PAT_009,t0,Responder
BIOML_SAMP_018,BIOML_PAT_009,t1,Responder
BIOML_SAMP_019,BIOML_PAT_010,t0,Responder
BIOML_SAMP_020,BIOML_PAT_010,t1,Responder
BIOML_SAMP_021,BIOML_PAT_011,t0,Responder
BIOML_SAMP_022,BIOML_PAT_011,t1,Responder
BIOML_SAMP_023,BIOML_PAT_012,t0,Responder
BIOML_SAMP_024,BIOML_PAT_012,t1,Responder
BIOML_SAMP_025,BIOML_PAT_013,t0,Responder
BIOML_SAMP_026,BIOML_PAT_013,t1,Responder
BIOML_SAMP_027,BIOML_PAT_014,t0,NonResponder
BIOML_SAMP_028,BIOML_PAT_014,t1,NonResponder
BIOML_SAMP_029,BIOML_PAT_015,t0,NonResponder
BIOML_SAMP_030,BIOML_PAT_015,t1,NonResponder
BIOML_SAMP_031,BIOML_PAT_016,t0,Responder
BIOML_SAMP_032,BIOML_PAT_016,t1,Responder
BIOML_SAMP_033,BIOML_PAT_017,t0,Responder
BIOML_SAMP_034,BIOML_PAT_017,t1,Responder
BIOML_SAMP_035,BIOML_PAT_018,t0,Responder
BIOML_SAMP_036,BIOML_PAT_018,t1,Responder
BIOML_SAMP_037,BIOML_PAT_019,t0,Responder
BIOML_SAMP_038,BIOML_PAT_019,t1,Responder
BIOML_SAMP_039,BIOML_PAT_020,t0,Responder
BIOML_SAMP_040,BIOML_PAT_020,t1,Responder
BIOML_SAMP_041,BIOML_PAT_021,t0,Responder
BIOML_SAMP_042,BIOML_PAT_021,t1,Responder
BIOML_SAMP_043,BIOML_PAT_022,t0,Responder
BIOML_SAMP_044,BIOML_PAT_022,t1,Responder
BIOML_SAMP_045,BIOML_PAT_023,t0,Responder
BIOML_SAMP_046,BIOML_PAT_023,t1,Responder
BIOML_SAMP_047,BIOML_PAT_024,t0,Responder
BIOML_SAMP_048,BIOML_PAT_024,t1,Responder
BIOML_SAMP_049,BIOML_PAT_025,t0,Responder
BIOML_SAMP_050,BIOML_PAT_025,t1,Responder
BIOML_SAMP_051,BIOML_PAT_026,t0,Responder
BIOML_SAMP_052,BIOML_PAT_026,t1,Responder
BIOML_SAMP_053,BIOML_PAT_027,t0,Responder
BIOML_SAMP_054,BIOML_PAT_027,t1,Responder
BIOML_SAMP_055,BIOML_PAT_028,t0,Responder
BIOML_SAMP_056,BIOML_PAT_028,t1,Responder
BIOML_SAMP_057,BIOML_PAT_029,t0,Responder
BIOML_SAMP_058,BIOML_PAT_029,t1,Responder
BIOML_SAMP_059,BIOML_PAT_030,t0,NonResponder
BIOML_SAMP_060,BIOML_PAT_030,t1,NonResponder
BIOML_SAMP_061,BIOML_PAT_031,t0,NonResponder
BIOML_SAMP_062,BIOML_PAT_031,t1,NonResponder
BIOML_SAMP_063,BIOML_PAT_032,t0,Responder
BIOML_SAMP_064,BIOML_PAT_032,t1,Responder
BIOML_SAMP_065,BIOML_PAT_033,t0,Responder
BIOML_SAMP_066,BIOML_PAT_033,t1,Responder
BIOML_SAMP_067,BIOML_PAT_034,t0,Responder
BIOML_SAMP_068,BIOML_PAT_034,t1,Responder
BIOML_SAMP_069,BIOML_PAT_035,t0,Responder
BIOML_SAMP_070,BIOML_PAT_035,t1,Responder
BIOML_SAMP_071,BIOML_PAT_036,t0,Responder
BIOML_SAMP_072,BIOML_PAT_036,t1,Responder
BIOML_SAMP_073,BIOML_PAT_037,t0,Responder
BIOML_SAMP_074,BIOML_PAT_037,t1,Responder
BIOML_SAMP_075,BIOML_PAT_038,t0,Responder
BIOML_SAMP_076,BIOML_PAT_038,t1,Responder
BIOML_SAMP_077,BIOML_PAT_039,t0,Responder
BIOML_SAMP_078,BIOML_PAT_039,t1,Responder
BIOML_SAMP_079,BIOML_PAT_040,t0,Responder
BIOML_SAMP_080,BIOML_PAT_040,t1,Responder
BIOML_SAMP_081,BIOML_PAT_041,t0,Responder
BIOML_SAMP_082,BIOML_PAT_041,t1,Responder
BIOML_SAMP_083,BIOML_PAT_042,t0,NonResponder
BIOML_SAMP_084,BIOML_PAT_042,t1,NonResponder
BIOML_SAMP_085,BIOML_PAT_043,t0,Responder
BIOML_SAMP_086,BIOML_PAT_043,t1,Responder
BIOML_SAMP_087,BIOML_PAT_044,t0,Responder
BIOML_SAMP_088,BIOML_PAT_044,t1,Responder
BIOML_SAMP_089,BIOML_PAT_045,t0,Responder
BIOML_SAMP_090,BIOML_PAT_045,t1,Responder
BIOML_SAMP_091,BIOML_PAT_046,t0,Responder
BIOML_SAMP_092,BIOML_PAT_046,t1,Responder
BIOML_SAMP_093,BIOML_PAT_047,t0,NonResponder
BIOML_SAMP_094,BIOML_PAT_047,t1,NonResponder
BIOML_SAMP_095,BIOML_PAT_048,t0,Responder
BIOML_SAMP_096,BIOML_PAT_048,t1,Responder
BIOML_SAMP_097,BIOML_PAT_049,t0,Responder
BIOML_SAMP_098,BIOML_PAT_049,t1,Responder
BIOML_SAMP_099,BIOML_PAT_050,t0,Responder
BIOML_SAMP_100,BIOML_PAT_050,t1,Responder
BIOML_SAMP_101,BIOML_PAT_051,t0,Responder
BIOML_SAMP_102,BIOML_PAT_051,t1,Responder
BIOML_SAMP_103,BIOML_PAT_052,t0,Responder
BIOML_SAMP_104,BIOML_PAT_052,t1,Responder
BIOML_SAMP_105,BIOML_PAT_053,t0,Responder
BIOML_SAMP_106,BIOML_PAT_053,t1,Responder
BIOML_SAMP_107,BIOML_PAT_054,t0,Responder
BIOML_SAMP_108,BIOML_PAT_054,t1,Responder
BIOML_SAMP_109,BIOML_PAT_055,t0,Responder
BIOML_SAMP_110,BIOML_PAT_055,t1,Responder
BIOML_SAMP_111,BIOML_PAT_056,t0,Responder
BIOML_SAMP_112,BIOML_PAT_056,t1,Responder
BIOML_SAMP_113,BIOML_PAT_057,t0,NonResponder
BIOML_SAMP_114,BIOML_PAT_057,t1,NonResponder
BIOML_SAMP_115,BIOML_PAT_058,t0,Responder
BIOML_SAMP_116,BIOML_PAT_058,t1,Responder
BIOML_SAMP_117,BIOML_PAT_059,t0,Responder
BIOML_SAMP_118,BIOML_PAT_059,t1,Responder
BIOML_SAMP_119,BIOML_PAT_060,t0,Responder
BIOML_SAMP_120,BIOML_PAT_060,t1,Responder
BIOML_SAMP_121,BIOML_PAT_061,t0,Responder
BIOML_SAMP_122,BIOML_PAT_061,t1,Responder
BIOML_SAMP_123,BIOML_PAT_062,t0,Responder
BIOML_SAMP_124,BIOML_PAT_062,t1,Responder
BIOML_SAMP_125,BIOML_PAT_063,t0,Responder
BIOML_SAMP_126,BIOML_PAT_063,t1,Responder
BIOML_SAMP_127,BIOML_PAT_064,t0,NonResponder
BIOML_SAMP_128,BIOML_PAT_064,t1,NonResponder
BIOML_SAMP_129,BIOML_PAT_065,t0,Responder
BIOML_SAMP_130,BIOML_PAT_065,t1,Responder
BIOML_SAMP_131,BIOML_PAT_066,t0,Responder
BIOML_SAMP_132,BIOML_PAT_066,t1,Responder
BIOML_SAMP_133,BIOML_PAT_067,t0,Responder
BIOML_SAMP_134,BIOML_PAT_067,t1,Responder
BIOML_SAMP_135,BIOML_PAT_068,t0,NonResponder
BIOML_SAMP_136,BIOML_PAT_068,t1,NonResponder
BIOML_SAMP_137,BIOML_PAT_069,t0,Responder
BIOML_SAMP_138,BIOML_PAT_069,t1,Responder
BIOML_SAMP_139,BIOML_PAT_070,t0,Responder
BIOML_SAMP_140,BIOML_PAT_070,t1,Responder
BIOML_SAMP_141,BIOML_PAT_071,t0,Responder
BIOML_SAMP_142,BIOML_PAT_071,t1,Responder
BIOML_SAMP_143,BIOML_PAT_072,t0,Responder
BIOML_SAMP_144,BIOML_PAT_072,t1,Responder
BIOML_SAMP_145,BIOML_PAT_073,t0,NonResponder
BIOML_SAMP_146,BIOML_PAT_073,t1,NonResponder
BIOML_SAMP_147,BIOML_PAT_074,t0,Responder
BIOML_SAMP_148,BIOML_PAT_074,t1,Responder
BIOML_SAMP_149,BIOML_PAT_075,t0,Responder
BIOML_SAMP_150,BIOML_PAT_075,t1,Responder
BIOML_SAMP_151,BIOML_PAT_076,t0,Responder
BIOML_SAMP_152,BIOML_PAT_076,t1,Responder
BIOML_SAMP_153,BIOML_PAT_077,t0,NonResponder
BIOML_SAMP_154,BIOML_PAT_077,t1,NonResponder
BIOML_SAMP_155,BIOML_PAT_078,t0,NonResponder
BIOML_SAMP_156,BIOML_PAT_078,t1,NonResponder
BIOML_SAMP_157,BIOML_PAT_079,t0,Responder
BIOML_SAMP_158,BIOML_PAT_079,t1,Responder
BIOML_SAMP_159,BIOML_PAT_080,t0,Responder
BIOML_SAMP_160,BIOML_PAT_080,t1,Responder
BIOML_SAMP_161,BIOML_PAT_081,t0,Responder
BIOML_SAMP_162,BIOML_PAT_081,t1,Responder
BIOML_SAMP_163,BIOML_PAT_082,t0,Responder
BIOML_SAMP_164,BIOML_PAT_082,t1,Responder
BIOML_SAMP_165,BIOML_PAT_083,t0,Responder
BIOML_SAMP_166,BIOML_PAT_083,t1,Responder
BIOML_SAMP_167,BIOML_PAT_084,t0,NonResponder
BIOML_SAMP_168,BIOML_PAT_084,t1,NonResponder
BIOML_SAMP_169,BIOML_PAT_085,t0,NonResponder
BIOML_SAMP_170,BIOML_PAT_085,t1,NonResponder
BIOML_SAMP_171,BIOML_PAT_086,t0,Responder
BIOML_SAMP_172,BIOML_PAT_086,t1,Responder
BIOML_SAMP_173,BIOML_PAT_087,t0,Responder
BIOML_SAMP_174,BIOML_PAT_087,t1,Responder
BIOML_SAMP_175,BIOML_PAT_088,t0,Responder
BIOML_SAMP_176,BIOML_PAT_088,t1,Responder
BIOML_SAMP_177,BIOML_PAT_089,t0,Responder
BIOML_SAMP_178,BIOML_PAT_089,t1,Responder
BIOML_SAMP_179,BIOML_PAT_090,t0,Responder
BIOML_SAMP_180,BIOML_PAT_090,t1,Responder
BIOML_SAMP_181,BIOML_PAT_091,t0,Responder
BIOML_SAMP_182,BIOML_PAT_091,t1,Responder
BIOML_SAMP_183,BIOML_PAT_092,t0,Responder
BIOML_SAMP_184,BIOML_PAT_092,t1,Responder
BIOML_SAMP_185,BIOML_PAT_093,t0,Responder
BIOML_SAMP_186,BIOML_PAT_093,t1,Responder
BIOML_SAMP_187,BIOML_PAT_094,t0,NonResponder
BIOML_SAMP_188,BIOML_PAT_094,t1,NonResponder
BIOML_SAMP_189,BIOML_PAT_095,t0,Responder
BIOML_SAMP_190,BIOML_PAT_095,t1,Responder
BIOML_SAMP_191,BIOML_PAT_096,t0,Responder
BIOML_SAMP_192,BIOML_PAT_096,t1,Responder
BIOML_SAMP_193,BIOML_PAT_097,t0,Responder
BIOML_SAMP_194,BIOML_PAT_097,t1,Responder
BIOML_SAMP_195,BIOML_PAT_098,t0,Responder
BIOML_SAMP_196,BIOML_PAT_098,t1,Responder
BIOML_SAMP_197,BIOML_PAT_099,t0,Responder
BIOML_SAMP_198,BIOML_PAT_099,t1,Responder
BIOML_SAMP_199,BIOML_PAT_100,t0,NonResponder
BIOML_SAMP_200,BIOML_PAT_100,t1,NonResponder
BIOML_SAMP_201,BIOML_PAT_101,t0,Responder
BIOML_SAMP_202,BIOML_PAT_101,t1,Responder
BIOML_SAMP_203,BIOML_PAT_102,t0,Responder
BIOML_SAMP_204,BIOML_PAT_102,t1,Responder
BIOML_SAMP_205,BIOML_PAT_103,t0,Responder
BIOML_SAMP_206,BIOML_PAT_103,t1,Responder
BIOML_SAMP_207,BIOML_PAT_104,t0,Responder
BIOML_SAMP_208,BIOML_PAT_104,t1,Responder
BIOML_SAMP_209,BIOML_PAT_105,t0,Responder
BIOML_SAMP_210,BIOML_PAT_105,t1,Responder
BIOML_SAMP_211,BIOML_PAT_106,t0,NonResponder
BIOML_SAMP_212,BIOML_PAT_106,t1,NonResponder
BIOML_SAMP_213,BIOML_PAT_107,t0,Responder
BIOML_SAMP_214,BIOML_PAT_107,t1,Responder
BIOML_SAMP_215,BIOML_PAT_108,t0,NonResponder
BIOML_SAMP_216,BIOML_PAT_108,t1,NonResponder
BIOML_SAMP_217,BIOML_PAT_109,t0,NonResponder
BIOML_SAMP_218,BIOML_PAT_109,t1,NonResponder
BIOML_SAMP_219,BIOML_PAT_110,t0,Responder
BIOML_SAMP_220,BIOML_PAT_110,t1,Responder
BIOML_SAMP_221,BIOML_PAT_111,t0,Responder
BIOML_SAMP_222,BIOML_PAT_111,t1,Responder
BIOML_SAMP_223,BIOML_PAT_112,t0,Responder
BIOML_SAMP_224,BIOML_PAT_112,t1,Responder
BIOML_SAMP_225,BIOML_PAT_113,t0,Responder
BIOML_SAMP_226,BIOML_PAT_113,t1,Responder
BIOML_SAMP_227,BIOML_PAT_114,t0,Responder
BIOML_SAMP_228,BIOML_PAT_114,t1,Responder
BIOML_SAMP_229,BIOML_PAT_115,t0,NonResponder
BIOML_SAMP_230,BIOML_PAT_115,t1,NonResponder
BIOML_SAMP_231,BIOML_PAT_116,t0,NonResponder
BIOML_SAMP_232,BIOML_PAT_116,t1,NonResponder
BIOML_SAMP_233,BIOML_PAT_117,t0,Responder
BIOML_SAMP_234,BIOML_PAT_117,t1,Responder
BIOML_SAMP_235,BIOML_PAT_118,t0,NonResponder
BIOML_SAMP_236,BIOML_PAT_118,t1,NonResponder
BIOML_SAMP_237,BIOML_PAT_119,t0,Responder
BIOML_SAMP_238,BIOML_PAT_119,t1,Responder
BIOML_SAMP_239,BIOML_PAT_120,t0,NonResponder
BIOML_SAMP_240,BIOML_PAT_120,t1,NonResponder
